"Time (UTC)","Google (Search)"
"2019-11-05 18:30:00",74.15081574903402
"2019-11-05 19:00:00",76.53002137478374
"2019-11-05 19:30:00",75.3873960901511
"2019-11-05 20:00:00",73.34535817764377
"2019-11-05 20:30:00",72.58142571257629
"2019-11-05 21:00:00",67.04199957912978
"2019-11-05 21:30:00",59.59731836119978
"2019-11-05 22:00:00",49.007084252439604
"2019-11-05 22:30:00",42.358048147787926
"2019-11-05 23:00:00",36.5445278490526
"2019-11-05 23:30:00",29.777316029319444
"2019-11-06 00:00:00",23.565878861292614
"2019-11-06 00:30:00",18.17097900187741
"2019-11-06 01:00:00",14.3781603208988
"2019-11-06 01:30:00",11.760828998782777
"2019-11-06 02:00:00",10.981741659961626
"2019-11-06 02:30:00",12.141182098279678
"2019-11-06 03:00:00",15.140429959592923
"2019-11-06 03:30:00",19.30924430690516
"2019-11-06 04:00:00",22.70255655428725
"2019-11-06 04:30:00",29.877647017215008
"2019-11-06 05:00:00",39.11111896421129
"2019-11-06 05:30:00",49.569541332814616
"2019-11-06 06:00:00",59.29421911304845
"2019-11-06 06:30:00",68.28564944576581
"2019-11-06 07:00:00",76.75111381002483
"2019-11-06 07:30:00",83.06155374200185
"2019-11-06 08:00:00",86.97762727050342
"2019-11-06 08:30:00",88.9725913615505
"2019-11-06 09:00:00",87.14988146432182
"2019-11-06 09:30:00",88.37073320895851
"2019-11-06 10:00:00",88.41638837950232
"2019-11-06 10:30:00",87.89820716599321
"2019-11-06 11:00:00",85.76338723890868
"2019-11-06 11:30:00",82.12858350294874
"2019-11-06 12:00:00",76.91789198489819
"2019-11-06 12:30:00",72.31312585257163
"2019-11-06 13:00:00",65.35104445721595
"2019-11-06 13:30:00",59.69533868911307
"2019-11-06 14:00:00",56.56171238767216
"2019-11-06 14:30:00",55.64667924561667
"2019-11-06 15:00:00",59.50161657780646
"2019-11-06 15:30:00",63.14423449426314
"2019-11-06 16:00:00",64.7702121221231
"2019-11-06 16:30:00",66.87271032988798
"2019-11-06 17:00:00",68.26958877443656
"2019-11-06 17:30:00",70.94846106390567
"2019-11-06 18:00:00",72.40225917470534
"2019-11-06 18:30:00",73.1106375830025
"2019-11-06 19:00:00",78.08271218666832
"2019-11-06 19:30:00",80.54157467469503
"2019-11-06 20:00:00",79.03389653784147
"2019-11-06 20:30:00",75.57458508858022
"2019-11-06 21:00:00",71.67519311046074
"2019-11-06 21:30:00",65.150610416243
"2019-11-06 22:00:00",55.60632129609162
"2019-11-06 22:30:00",47.446490813652936
"2019-11-06 23:00:00",40.10594649525342
"2019-11-06 23:30:00",32.524954031423796
"2019-11-07 00:00:00",25.21901459075677
"2019-11-07 00:30:00",19.331439205180125
"2019-11-07 01:00:00",14.861813879875156
"2019-11-07 01:30:00",12.236948749915266
"2019-11-07 02:00:00",11.303640550903781
"2019-11-07 02:30:00",12.399000087828657
"2019-11-07 03:00:00",15.475953708992416
"2019-11-07 03:30:00",20.21116012461059
"2019-11-07 04:00:00",24.66237641240565
"2019-11-07 04:30:00",33.99303854734937
"2019-11-07 05:00:00",45.24542999908635
"2019-11-07 05:30:00",56.76273980612856
"2019-11-07 06:00:00",66.98054505875383
"2019-11-07 06:30:00",75.14722105529962
"2019-11-07 07:00:00",81.93779883464929
"2019-11-07 07:30:00",85.81239445087931
"2019-11-07 08:00:00",87.16863789305535
"2019-11-07 08:30:00",87.73574773723315
"2019-11-07 09:00:00",85.33247074981506
"2019-11-07 09:30:00",85.87048317904373
"2019-11-07 10:00:00",85.07807219751427
"2019-11-07 10:30:00",84.45065335443579
"2019-11-07 11:00:00",82.45426080395642
"2019-11-07 11:30:00",79.3003180104746
"2019-11-07 12:00:00",74.70638800578844
"2019-11-07 12:30:00",69.25948258428456
"2019-11-07 13:00:00",62.296202626017916
"2019-11-07 13:30:00",56.30259624105135
"2019-11-07 14:00:00",52.41367689074763
"2019-11-07 14:30:00",51.707092403410584
"2019-11-07 15:00:00",54.74124437763965
"2019-11-07 15:30:00",58.26698141628132
"2019-11-07 16:00:00",59.76605942758114
"2019-11-07 16:30:00",61.16192008771076
"2019-11-07 17:00:00",62.06103795082185
"2019-11-07 17:30:00",63.5702250901128
"2019-11-07 18:00:00",69.35193650400682
"2019-11-07 18:30:00",72.40298615549209
"2019-11-07 19:00:00",72.30213842857438
"2019-11-07 19:30:00",74.14080681880476
"2019-11-07 20:00:00",75.83328665564387
"2019-11-07 20:30:00",74.07158525539572
"2019-11-07 21:00:00",70.54063744271242
"2019-11-07 21:30:00",64.74002814996891
"2019-11-07 22:00:00",56.7002105176291
"2019-11-07 22:30:00",48.653301762172966
"2019-11-07 23:00:00",55.70809839874799
"2019-11-07 23:30:00",62.72922345673554
"2019-11-08 00:00:00",35.69720724910624
"2019-11-08 00:30:00",24.286307653766464
"2019-11-08 01:00:00",17.62230531952832
"2019-11-08 01:30:00",13.969725629168545
"2019-11-08 02:00:00",12.297949381220583
"2019-11-08 02:30:00",12.950420022576093
"2019-11-08 03:00:00",15.189612630821964
"2019-11-08 03:30:00",18.498556325579067
"2019-11-08 04:00:00",21.159892365685522
"2019-11-08 04:30:00",27.468550165783963
"2019-11-08 05:00:00",35.529397539029226
"2019-11-08 05:30:00",45.28052609483726
"2019-11-08 06:00:00",54.59323247774074
"2019-11-08 06:30:00",63.518510331656344
"2019-11-08 07:00:00",71.5568366357498
"2019-11-08 07:30:00",78.58068495271104
"2019-11-08 08:00:00",83.66389720864021
"2019-11-08 08:30:00",86.49744224794208
"2019-11-08 09:00:00",87.03291412066714
"2019-11-08 09:30:00",90.5825869371082
"2019-11-08 10:00:00",91.67680429122568
"2019-11-08 10:30:00",91.46143348393885
"2019-11-08 11:00:00",89.98732672791094
"2019-11-08 11:30:00",87.27668286368579
"2019-11-08 12:00:00",85.8668855474702
"2019-11-08 12:30:00",80.7060205731262
"2019-11-08 13:00:00",72.08786204416779
"2019-11-08 13:30:00",67.78072700672271
"2019-11-08 14:00:00",63.85920299914234
"2019-11-08 14:30:00",64.74538039298903
"2019-11-08 15:00:00",69.10196866580017
"2019-11-08 15:30:00",73.06890423434336
"2019-11-08 16:00:00",74.0104883497349
"2019-11-08 16:30:00",75.61140042853312
"2019-11-08 17:00:00",77.02603322988413
"2019-11-08 17:30:00",78.1312969534066
"2019-11-08 18:00:00",77.1158267405842
"2019-11-08 18:30:00",83.00888797248427
"2019-11-08 19:00:00",90.13458218375052
"2019-11-08 19:30:00",89.54833081341715
"2019-11-08 20:00:00",84.93004064285861
"2019-11-08 20:30:00",82.77087820523022
"2019-11-08 21:00:00",75.17662892863774
"2019-11-08 21:30:00",63.700461035611866
"2019-11-08 22:00:00",52.430961664854095
"2019-11-08 22:30:00",41.71823111433346
"2019-11-08 23:00:00",34.825210158651565
"2019-11-08 23:30:00",27.951375923748223
"2019-11-09 00:00:00",22.097810076717447
"2019-11-09 00:30:00",17.372319825993156
"2019-11-09 01:00:00",14.137409601617462
"2019-11-09 01:30:00",12.334777491106612
"2019-11-09 02:00:00",12.095903386118946
"2019-11-09 02:30:00",13.985495496865576
"2019-11-09 03:00:00",18.283298504849732
"2019-11-09 03:30:00",24.217593039726257
"2019-11-09 04:00:00",30.108990049425728
"2019-11-09 04:30:00",42.270482792361854
"2019-11-09 05:00:00",55.31045071662879
"2019-11-09 05:30:00",66.2563791085686
"2019-11-09 06:00:00",74.89697814481119
"2019-11-09 06:30:00",82.18542062676653
"2019-11-09 07:00:00",87.6462155480302
"2019-11-09 07:30:00",90.92467267791935
"2019-11-09 08:00:00",91.9081021288134
"2019-11-09 08:30:00",89.94950539262062
"2019-11-09 09:00:00",85.01259367692612
"2019-11-09 09:30:00",88.75283697763317
"2019-11-09 10:00:00",94.97112165919533
"2019-11-09 10:30:00",100
"2019-11-09 11:00:00",99.5513547128327
"2019-11-09 11:30:00",97.39339870379048
"2019-11-09 12:00:00",95.35552627933639
"2019-11-09 12:30:00",88.584239360796
"2019-11-09 13:00:00",80.31126710109432
"2019-11-09 13:30:00",73.72053981261256
"2019-11-09 14:00:00",69.3988118539215
"2019-11-09 14:30:00",69.36324223320571
"2019-11-09 15:00:00",74.59205356958653
"2019-11-09 15:30:00",78.23238440422404
"2019-11-09 16:00:00",79.4738473868027
"2019-11-09 16:30:00",82.57305545525013
"2019-11-09 17:00:00",82.11657239056048
"2019-11-09 17:30:00",84.21326054282827
"2019-11-09 18:00:00",87.02166341346962
"2019-11-09 18:30:00",86.41880907405606
"2019-11-09 19:00:00",95.66957168026832
"2019-11-09 19:30:00",95.23123791604405
"2019-11-09 20:00:00",91.95656508132993
"2019-11-09 20:30:00",85.59525528136118
"2019-11-09 21:00:00",76.52528020230064
"2019-11-09 21:30:00",64.05059087230362
"2019-11-09 22:00:00",51.447832807245575
"2019-11-09 22:30:00",39.90179693189153
"2019-11-09 23:00:00",31.9846741751327
"2019-11-09 23:30:00",25.224897361308823
"2019-11-10 00:00:00",19.1971222757643
"2019-11-10 00:30:00",15.426767699095484
"2019-11-10 01:00:00",12.876396379573057
"2019-11-10 01:30:00",11.514411654686013
"2019-11-10 02:00:00",11.614663250190835
"2019-11-10 02:30:00",14.81935392767988
"2019-11-10 03:00:00",19.611378812073198
"2019-11-10 03:30:00",25.929744930252845
"2019-11-10 04:00:00",31.867740255882016
"2019-11-10 04:30:00",44.0409670583589
"2019-11-10 05:00:00",57.33678949592834
"2019-11-10 05:30:00",68.06433497967858
"2019-11-10 06:00:00",77.4888981110944
"2019-11-10 06:30:00",85.49551572810842
"2019-11-10 07:00:00",91.28502559114877
"2019-11-10 07:30:00",94.84959194098386
"2019-11-10 08:00:00",94.06555318791501
"2019-11-10 08:30:00",90.63651608119142
"2019-11-10 09:00:00",84.30167276928474
"2019-11-10 09:30:00",87.12682988650062
"2019-11-10 10:00:00",93.6328663748869
"2019-11-10 10:30:00",97.78947253409255
"2019-11-10 11:00:00",97.00600554204723
"2019-11-10 11:30:00",96.1852772055161
"2019-11-10 12:00:00",92.62379763334188
"2019-11-10 12:30:00",86.65726486470555
"2019-11-10 13:00:00",77.78512628640985
"2019-11-10 13:30:00",71.04675057899127
"2019-11-10 14:00:00",66.7592247075571
"2019-11-10 14:30:00",66.91490541443042
"2019-11-10 15:00:00",72.06942588233906
"2019-11-10 15:30:00",75.16764957190898
"2019-11-10 16:00:00",76.5724483175507
"2019-11-10 16:30:00",79.23169572852103
"2019-11-10 17:00:00",79.17150263987008
"2019-11-10 17:30:00",82.02902274762229
"2019-11-10 18:00:00",81.02523747631132
"2019-11-10 18:30:00",84.81290432865602
"2019-11-10 19:00:00",90.39731169329525
"2019-11-10 19:30:00",89.03216551398921
"2019-11-10 20:00:00",83.94242604915458
"2019-11-10 20:30:00",79.42139187791227
"2019-11-10 21:00:00",70.40308440098202
"2019-11-10 21:30:00",58.54403465989974
"2019-11-10 22:00:00",47.4066849892572
"2019-11-10 22:30:00",36.92847071444781
"2019-11-10 23:00:00",30.08330950642063
"2019-11-10 23:30:00",24.235620507107342
"2019-11-11 00:00:00",18.98217195200665
"2019-11-11 00:30:00",15.128055950980999
"2019-11-11 01:00:00",12.301673542648476
"2019-11-11 01:30:00",10.95523782408922
"2019-11-11 02:00:00",10.609422810104421
"2019-11-11 02:30:00",12.589898704674665
"2019-11-11 03:00:00",17.39199776479014
"2019-11-11 03:30:00",23.809887290485918
"2019-11-11 04:00:00",29.178397281437796
"2019-11-11 04:30:00",40.52313458945997
"2019-11-11 05:00:00",52.42418882807688
"2019-11-11 05:30:00",63.49762400257002
"2019-11-11 06:00:00",70.782097487452
"2019-11-11 06:30:00",75.95272970642239
"2019-11-11 07:00:00",80.64417112794985
"2019-11-11 07:30:00",82.50438209356405
"2019-11-11 08:00:00",82.16187783092688
"2019-11-11 08:30:00",79.57196791247786
"2019-11-11 09:00:00",74.19195177794086
"2019-11-11 09:30:00",76.73834231130839
"2019-11-11 10:00:00",81.57917105073138
"2019-11-11 10:30:00",86.36861903052488
"2019-11-11 11:00:00",85.67223207985923
"2019-11-11 11:30:00",82.1253159656584
"2019-11-11 12:00:00",78.90943135718854
"2019-11-11 12:30:00",73.92126463835518
"2019-11-11 13:00:00",67.19137312737807
"2019-11-11 13:30:00",61.79711776290389
"2019-11-11 14:00:00",58.048639779308395
"2019-11-11 14:30:00",58.30246459001995
"2019-11-11 15:00:00",62.94867524793912
"2019-11-11 15:30:00",67.1854510850376
"2019-11-11 16:00:00",68.29264821793296
"2019-11-11 16:30:00",70.6008600134985
"2019-11-11 17:00:00",72.14374819464953
"2019-11-11 17:30:00",74.50102220532455
"2019-11-11 18:00:00",72.68737024612655
"2019-11-11 18:30:00",80.32588163880023
"2019-11-11 19:00:00",83.4825261125209
"2019-11-11 19:30:00",83.56381969542907
"2019-11-11 20:00:00",77.751586368285
"2019-11-11 20:30:00",74.4685786529206
"2019-11-11 21:00:00",66.10639841318962
"2019-11-11 21:30:00",56.54241956515973
"2019-11-11 22:00:00",46.413845870726824
"2019-11-11 22:30:00",36.831468189816
"2019-11-11 23:00:00",29.94451468772197
"2019-11-11 23:30:00",23.6819168103461
"2019-11-12 00:00:00",18.68117312207299
"2019-11-12 00:30:00",14.577562223067106
"2019-11-12 01:00:00",11.700654772662299
"2019-11-12 01:30:00",10.186405024506554
"2019-11-12 02:00:00",10.07676794312947
"2019-11-12 02:30:00",12.092079781430428
"2019-11-12 03:00:00",16.91194046042258
"2019-11-12 03:30:00",23.07790519810078
"2019-11-12 04:00:00",28.47576017471419
"2019-11-12 04:30:00",39.896203022131054
"2019-11-12 05:00:00",52.04967524734967
"2019-11-12 05:30:00",62.27701000126733
"2019-11-12 06:00:00",69.93468847882534
"2019-11-12 06:30:00",75.21139885351182
"2019-11-12 07:00:00",79.91107101565885
"2019-11-12 07:30:00",82.41403057262517
"2019-11-12 08:00:00",81.94887270562369
"2019-11-12 08:30:00",77.44978588080649
"2019-11-12 09:00:00",74.45962877832694
"2019-11-12 09:30:00",77.2607420543064
"2019-11-12 10:00:00",82.94428970960544
"2019-11-12 10:30:00",88.28258820797119
"2019-11-12 11:00:00",88.0733595121678
"2019-11-12 11:30:00",85.03921734645458
"2019-11-12 12:00:00",80.88545825987262
"2019-11-12 12:30:00",75.61453436252015
"2019-11-12 13:00:00",67.84880699092535
"2019-11-12 13:30:00",61.86532348473462
"2019-11-12 14:00:00",58.390980956507136
"2019-11-12 14:30:00",58.54786022629141
"2019-11-12 15:00:00",63.372777629038865
"2019-11-12 15:30:00",66.90248168418819
"2019-11-12 16:00:00",68.01314874932581
"2019-11-12 16:30:00",70.78262799612139
"2019-11-12 17:00:00",71.96657401155919
"2019-11-12 17:30:00",73.6125773655529
"2019-11-12 18:00:00",70.53089181454595
"2019-11-12 18:30:00",77.53875413693608
"2019-11-12 19:00:00",80.48854542421536
"2019-11-12 19:30:00",83.21266224694
"2019-11-12 20:00:00",77.93150346510579
"2019-11-12 20:30:00",74.32774234254946
"2019-11-12 21:00:00",66.88769229082484
"2019-11-12 21:30:00",57.62858693828711
"2019-11-12 22:00:00",46.63271999693484
"2019-11-12 22:30:00",37.06924611770808
"2019-11-12 23:00:00",30.577399741229662
"2019-11-12 23:30:00",24.615299667253172
"2019-11-13 00:00:00",19.508937597444127
"2019-11-13 00:30:00",15.29309601912189
"2019-11-13 01:00:00",12.24194083177865
"2019-11-13 01:30:00",10.463821749087083
"2019-11-13 02:00:00",10.399210904900427
"2019-11-13 02:30:00",12.668094324441418
"2019-11-13 03:00:00",17.589924654800956
"2019-11-13 03:30:00",24.029995346849514
"2019-11-13 04:00:00",29.527127159980783
"2019-11-13 04:30:00",40.71659341756632
"2019-11-13 05:00:00",53.315030774807916
"2019-11-13 05:30:00",64.14543403331004
"2019-11-13 06:00:00",72.005085017551
"2019-11-13 06:30:00",76.79070350754648
"2019-11-13 07:00:00",81.12264671482507
"2019-11-13 07:30:00",83.7358420498855
"2019-11-13 08:00:00",83.43183502359291
"2019-11-13 08:30:00",82.270806982673
"2019-11-13 09:00:00",77.40786586854584
"2019-11-13 09:30:00",80.1199499624223
"2019-11-13 10:00:00",85.03383564016185
"2019-11-13 10:30:00",90.34933995879716
"2019-11-13 11:00:00",88.99494149845121
"2019-11-13 11:30:00",85.68149633624819
"2019-11-13 12:00:00",80.35594575843582
"2019-11-13 12:30:00",76.38126282047881
"2019-11-13 13:00:00",67.89790851554832
"2019-11-13 13:30:00",61.04829888151089
"2019-11-13 14:00:00",56.55889479718359
"2019-11-13 14:30:00",55.901732101374314
"2019-11-13 15:00:00",59.30334386216206
"2019-11-13 15:30:00",63.39059879692422
"2019-11-13 16:00:00",64.46548401901579
"2019-11-13 16:30:00",66.31228687551025
"2019-11-13 17:00:00",68.71487417336434
"2019-11-13 17:30:00",70.34899020975723
"2019-11-13 18:00:00",69.5822597900954
"2019-11-13 18:30:00",77.21441686781787
"2019-11-13 19:00:00",79.54091350999272
"2019-11-13 19:30:00",81.15704333135866
"2019-11-13 20:00:00",79.66138613427174
"2019-11-13 20:30:00",77.5582591817788
"2019-11-13 21:00:00",71.18721944726892
"2019-11-13 21:30:00",62.77432652101257
"2019-11-13 22:00:00",52.345038896306185
"2019-11-13 22:30:00",42.241689912967104
"2019-11-13 23:00:00",35.0764531605054
"2019-11-13 23:30:00",28.353662618885515
"2019-11-14 00:00:00",22.15041097799273
"2019-11-14 00:30:00",16.953168840278575
"2019-11-14 01:00:00",12.896325831351293
"2019-11-14 01:30:00",10.683111247078518
"2019-11-14 02:00:00",10.1409011314571
"2019-11-14 02:30:00",11.54326542232911
"2019-11-14 03:00:00",15.635261529574384
"2019-11-14 03:30:00",21.296335253185262
"2019-11-14 04:00:00",26.407870768088138
"2019-11-14 04:30:00",36.66726201528455
"2019-11-14 05:00:00",48.38685871080499
"2019-11-14 05:30:00",60.148848943550924
"2019-11-14 06:00:00",70.21896252545704
"2019-11-14 06:30:00",78.32786221393057
"2019-11-14 07:00:00",84.45062585286637
"2019-11-14 07:30:00",88.72311474136228
"2019-11-14 08:00:00",90.45993529444705
"2019-11-14 08:30:00",91.11454368296802
"2019-11-14 09:00:00",87.9811433546421
"2019-11-14 09:30:00",88.55793595817234
"2019-11-14 10:00:00",88.51785898490114
"2019-11-14 10:30:00",87.7533016796494
"2019-11-14 11:00:00",86.56754012679157
"2019-11-14 11:30:00",83.79018577352585
"2019-11-14 12:00:00",78.5737962056841
"2019-11-14 12:30:00",74.13842542433325
"2019-11-14 13:00:00",66.60748940073151
"2019-11-14 13:30:00",61.01707745131846
"2019-11-14 14:00:00",57.79332364035049
"2019-11-14 14:30:00",56.277310622846656
"2019-11-14 15:00:00",60.38209394129627
"2019-11-14 15:30:00",64.30978365738571
"2019-11-14 16:00:00",65.58168212509983
"2019-11-14 16:30:00",69.07308149261561
"2019-11-14 17:00:00",69.35868378205525
"2019-11-14 17:30:00",68.77344233046564
"2019-11-14 18:00:00",69.3690974644633
"2019-11-14 18:30:00",75.20371041064318
"2019-11-14 19:00:00",75.07244487278108
"2019-11-14 19:30:00",75.82544691641836
"2019-11-14 20:00:00",76.59481416693929
"2019-11-14 20:30:00",76.68652733622756
"2019-11-14 21:00:00",75.72028830906257
"2019-11-14 21:30:00",69.71723494637442
"2019-11-14 22:00:00",61.65026117413358
"2019-11-14 22:30:00",52.542895051827756
"2019-11-14 23:00:00",45.171174516721344
"2019-11-14 23:30:00",36.88301005431819
"2019-11-15 00:00:00",29.002618152238302
"2019-11-15 00:30:00",22.147298679328138
"2019-11-15 01:00:00",17.211599277329302
"2019-11-15 01:30:00",13.930947416570143
"2019-11-15 02:00:00",12.341680969769847
"2019-11-15 02:30:00",12.967844285095358
"2019-11-15 03:00:00",15.468232841433908
"2019-11-15 03:30:00",19.27973819750838
"2019-11-15 04:00:00",22.412871319227698
"2019-11-15 04:30:00",29.67217313445153
"2019-11-15 05:00:00",38.63154699275266
"2019-11-15 05:30:00",48.87472036829091
"2019-11-15 06:00:00",58.935976445415086
"2019-11-15 06:30:00",68.68720914125383
"2019-11-15 07:00:00",78.48779485583427
"2019-11-15 07:30:00",86.61588322678952
"2019-11-15 08:00:00",91.22572062588233
"2019-11-15 08:30:00",94.09660759040015
"2019-11-15 09:00:00",92.2068944387955
"2019-11-15 09:30:00",93.50567791639773
"2019-11-15 10:00:00",92.56490134366057
"2019-11-15 10:30:00",91.83600208666743
"2019-11-15 11:00:00",91.3262873765462
"2019-11-15 11:30:00",89.34686129497166
"2019-11-15 12:00:00",83.11790947517956
"2019-11-15 12:30:00",80.81931364674607
"2019-11-15 13:00:00",73.41845048320498
"2019-11-15 13:30:00",70.39908988290495
"2019-11-15 14:00:00",67.04953672564154
"2019-11-15 14:30:00",67.81633003297995
"2019-11-15 15:00:00",70.81001207084059
"2019-11-15 15:30:00",74.11929174499038
"2019-11-15 16:00:00",74.4263639136214
"2019-11-15 16:30:00",77.10552112161322
"2019-11-15 17:00:00",77.29858500605664
"2019-11-15 17:30:00",80.75241060899448
"2019-11-15 18:00:00",79.24521780504985
"2019-11-15 18:30:00",82.09210416125106
"2019-11-15 19:00:00",85.70011523827208
"2019-11-15 19:30:00",84.92119488943315
"2019-11-15 20:00:00",79.28285051503549
"2019-11-15 20:30:00",76.64842698638655
"2019-11-15 21:00:00",68.36835181448701
"2019-11-15 21:30:00",57.69310073475451
"2019-11-15 22:00:00",47.453709673825585
"2019-11-15 22:30:00",37.72456775509362
"2019-11-15 23:00:00",30.512970430036223
"2019-11-15 23:30:00",24.101142453956268
"2019-11-16 00:00:00",19.320850648252122
"2019-11-16 00:30:00",15.01698118639422
"2019-11-16 01:00:00",12.403281674756924
"2019-11-16 01:30:00",10.80297123523049
"2019-11-16 02:00:00",10.43856227434961
"2019-11-16 02:30:00",12.235613829771557
"2019-11-16 03:00:00",16.279959242787292
"2019-11-16 03:30:00",21.896839623103062
"2019-11-16 04:00:00",27.322512908749562
"2019-11-16 04:30:00",38.69553812736334
"2019-11-16 05:00:00",52.003465989973385
"2019-11-16 05:30:00",63.23319490358005
"2019-11-16 06:00:00",72.00284313035482
"2019-11-16 06:30:00",79.4096342213459
"2019-11-16 07:00:00",85.57343761483303
"2019-11-16 07:30:00",89.71679678865418
"2019-11-16 08:00:00",89.36206921016101
"2019-11-16 08:30:00",85.3623698411716
"2019-11-16 09:00:00",76.08351581534761
"2019-11-16 09:30:00",76.5582523016708
"2019-11-16 10:00:00",81.16592050975989
"2019-11-16 10:30:00",84.68303580638792
"2019-11-16 11:00:00",81.9357141289195
"2019-11-16 11:30:00",79.92444179583079
"2019-11-16 12:00:00",78.11579038777236
"2019-11-16 12:30:00",73.0286504059865
"2019-11-16 13:00:00",64.84543038576822
"2019-11-16 13:30:00",59.54680412735745
"2019-11-16 14:00:00",53.92621999487175
"2019-11-16 14:30:00",42.76839070902484
"2019-11-16 15:00:00",33.25892653574892
"2019-11-16 15:30:00",31.808671053383907
"2019-11-16 16:00:00",32.697854681886376
"2019-11-16 16:30:00",33.23369593954559
"2019-11-16 17:00:00",33.469768374020404
"2019-11-16 17:30:00",29.692772602174493
"2019-11-16 18:00:00",21.36633685767926
"2019-11-16 18:30:00",13.232971693825762
"2019-11-16 19:00:00",2.7021557255148143
"2019-11-16 19:30:00",2.4950875816762306
"2019-11-16 20:00:00",3.1946620925030285
"2019-11-16 20:30:00",1.63714090722877
"2019-11-16 21:00:00",1.3003539530264046
"2019-11-16 21:30:00",1.0932470278251796
"2019-11-16 22:00:00",0.8723295048291024
"2019-11-16 22:30:00",0.6917635935478357
"2019-11-16 23:00:00",0.5813051810066108
"2019-11-16 23:30:00",0.40833986978959436
"2019-11-17 00:00:00",0.3137725355661854
"2019-11-17 00:30:00",0.25832622156989304
"2019-11-17 01:00:00",0.23277035989118675
"2019-11-17 01:30:00",0.2146565775706829
"2019-11-17 02:00:00",0.1909023516270406
"2019-11-17 02:30:00",0.23401836149450186
"2019-11-17 03:00:00",0.33675803794315895
"2019-11-17 03:30:00",0.4981823476187529
"2019-11-17 04:00:00",0.8105301962587349
"2019-11-17 04:30:00",1.354641617226206
"2019-11-17 05:00:00",1.6966921605555014
"2019-11-17 05:30:00",1.8924726832244319
"2019-11-17 06:00:00",2.1322721085067062
"2019-11-17 06:30:00",2.2062863202445055
"2019-11-17 07:00:00",2.1272432824339735
"2019-11-17 07:30:00",2.1038806614853653
"2019-11-17 08:00:00",1.3704433814622587
"2019-11-17 08:30:00",1.127604297120222
"2019-11-17 09:00:00",0.9890087799184785
"2019-11-17 09:30:00",0.9355709481663557
"2019-11-17 10:00:00",0.9451092393979316
"2019-11-17 10:30:00",0.9114924187363873
"2019-11-17 11:00:00",0.9902588752626754
"2019-11-17 11:30:00",1.3571815889913557
"2019-11-17 12:00:00",1.801664406110281
"2019-11-17 12:30:00",0.7962685199102851
"2019-11-17 13:00:00",0.8390853134569418
"2019-11-17 13:30:00",0.7814114477876315
"2019-11-17 14:00:00",0.5036749467280878
"2019-11-17 14:30:00",0.46904637765733265
"2019-11-17 15:00:00",2.0720882624956896
"2019-11-17 15:30:00",2.75423771857694
"2019-11-17 16:00:00",4.551190245713932
"2019-11-17 16:30:00",1.9077050442532648
"2019-11-17 17:00:00",1.95939073555027
"2019-11-17 17:30:00",0.6108206650810353
"2019-11-17 18:00:00",0.3556028753569881
"2019-11-17 18:30:00",0.36337110672950246
"2019-11-17 19:00:00",0.369808699752724
"2019-11-17 19:30:00",0.3737235425011126
"2019-11-17 20:00:00",0.35913967526974894
"2019-11-17 20:30:00",0.3366014789402795
"2019-11-17 21:00:00",0.3152192539279746
"2019-11-17 21:30:00",0.2908322278122117
"2019-11-17 22:00:00",0.2736493302328049
"2019-11-17 22:30:00",0.23276524814543012
"2019-11-17 23:00:00",0.18284869244349347
"2019-11-17 23:30:00",0.1616732007651114
"2019-11-18 00:00:00",0.1420516420716953
"2019-11-18 00:30:00",0.11914194820467025
"2019-11-18 01:00:00",0.11338493414324324
"2019-11-18 01:30:00",0.09935043811174281
"2019-11-18 02:00:00",0.10049594072449801
"2019-11-18 02:30:00",0.10053462777448667
"2019-11-18 03:00:00",0.1442744215245051
"2019-11-18 03:30:00",0.2002103690866704
"2019-11-18 04:00:00",0.2773101324208584
"2019-11-18 04:30:00",0.45562182041102633
"2019-11-18 05:00:00",0.7677615776148919
"2019-11-18 05:30:00",0.9220154095084837
"2019-11-18 06:00:00",1.024355256898823
"2019-11-18 06:30:00",1.0298110363486856
"2019-11-18 07:00:00",1.078241771663174
"2019-11-18 07:30:00",1.0799389089794487
"2019-11-18 08:00:00",1.1090024279613435
"2019-11-18 08:30:00",1.033633207484888
"2019-11-18 09:00:00",0.9578639504622793
"2019-11-18 09:30:00",0.9763488153446684
"2019-11-18 10:00:00",0.9719338514634671
"2019-11-18 10:30:00",0.9454791524829279
"2019-11-18 11:00:00",0.9164132002346028
"2019-11-18 11:30:00",0.8981374076399142
"2019-11-18 12:00:00",0.809049827142592
"2019-11-18 12:30:00",0.7690732968461259
"2019-11-18 13:00:00",0.6623405735977624
"2019-11-18 13:30:00",0.5872461613276864
"2019-11-18 14:00:00",0.518216184640595
"2019-11-18 14:30:00",0.48998810599563214
"2019-11-18 15:00:00",0.43269705538215786
"2019-11-18 15:30:00",0.40182395953987216
"2019-11-18 16:00:00",0.369561600603601
"2019-11-18 16:30:00",0.3616844569801678
"2019-11-18 17:00:00",0.35477456505657284
"2019-11-18 17:30:00",0.35040726678986256
"2019-11-18 18:00:00",0.3519368482479951
"2019-11-18 18:30:00",0.36207560927447047
"2019-11-18 19:00:00",0.36587184443127996
"2019-11-18 19:30:00",0.36809307715659145
"2019-11-18 20:00:00",0.3453574844457805
"2019-11-18 20:30:00",0.3451846848041686
"2019-11-18 21:00:00",0.3241649976274473
"2019-11-18 21:30:00",0.30188551976586886
"2019-11-18 22:00:00",0.2585023032918063
"2019-11-18 22:30:00",0.2410468610096759
"2019-11-18 23:00:00",0.19505503202209273
"2019-11-18 23:30:00",0.17600491368918675
"2019-11-19 00:00:00",0.1447946878398571
"2019-11-19 00:30:00",0.12448159105444494
"2019-11-19 01:00:00",0.11964782240927564
"2019-11-19 01:30:00",0.1045619477920524
"2019-11-19 02:00:00",0.09952186078863061
"2019-11-19 02:30:00",0.1126808524684863
"2019-11-19 03:00:00",0.13298629106652873
"2019-11-19 03:30:00",0.18688031311800576
"2019-11-19 04:00:00",0.29061087601717667
"2019-11-19 04:30:00",0.4607296993489479
"2019-11-19 05:00:00",0.6244595761235732
"2019-11-19 05:30:00",0.8084630704073422
"2019-11-19 06:00:00",0.908347450169026
"2019-11-19 06:30:00",0.9632895687259245
"2019-11-19 07:00:00",0.9736966492482987
"2019-11-19 07:30:00",1.0221394943073472
"2019-11-19 08:00:00",0.9952851360312647
"2019-11-19 08:30:00",0.9734682617293994
"2019-11-19 09:00:00",0.872030854384212
"2019-11-19 09:30:00",0.8302836983527706
"2019-11-19 10:00:00",0.7603225351240949
"2019-11-19 10:30:00",0.7792740401477172
"2019-11-19 11:00:00",0.7861355119556024
"2019-11-19 11:30:00",0.7586625192677802
"2019-11-19 12:00:00",0.7380036157113089
"2019-11-19 12:30:00",0.6586506665251977
"2019-11-19 13:00:00",0.55374306286233
"2019-11-19 13:30:00",0.49362380215563356
"2019-11-19 14:00:00",0.41357846606365517
"2019-11-19 14:30:00",0.3695309112665305
"2019-11-19 15:00:00",0.32623776337544985
"2019-11-19 15:30:00",0.30522265979363217
"2019-11-19 16:00:00",0.29178025859350365
"2019-11-19 16:30:00",0.282005412367336
"2019-11-19 17:00:00",0.2632198221617049
"2019-11-19 17:30:00",0.25832316583995735
"2019-11-19 18:00:00",0.2549485082390944
"2019-11-19 18:30:00",0.2782487507994471
"2019-11-19 19:00:00",0.28763883912914057
"2019-11-19 19:30:00",0.2943297370740089
"2019-11-19 20:00:00",0.2759778530314149
"2019-11-19 20:30:00",0.2770743319274854
"2019-11-19 21:00:00",0.25889390828684017
"2019-11-19 21:30:00",0.23969194658367154
"2019-11-19 22:00:00",0.2156614600188036
"2019-11-19 22:30:00",0.20011198212775239
"2019-11-19 23:00:00",0.16757236285614077
"2019-11-19 23:30:00",0.1391258749708957
"2019-11-20 00:00:00",0.10988582156635633
"2019-11-20 00:30:00",0.09621590052372996
"2019-11-20 01:00:00",0.0780168595655134
"2019-11-20 01:30:00",0.07370496055078589
"2019-11-20 02:00:00",0.06880257001977619
"2019-11-20 02:30:00",0.07122721627364817
"2019-11-20 03:00:00",0.07669521864325356
"2019-11-20 03:30:00",0.11427730159712583
"2019-11-20 04:00:00",0.188707262368957
"2019-11-20 04:30:00",0.29863086558383956
"2019-11-20 05:00:00",0.4818446423045296
"2019-11-20 05:30:00",0.681733537284444
"2019-11-20 06:00:00",0.8202392877036933
"2019-11-20 06:30:00",0.9106891390139022
"2019-11-20 07:00:00",0.9453103328352447
"2019-11-20 07:30:00",0.9876318717819491
"2019-11-20 08:00:00",0.9654259955142545
"2019-11-20 08:30:00",0.9702580099440903
"2019-11-20 09:00:00",0.8831736679074674
"2019-11-20 09:30:00",0.8450932368986462
"2019-11-20 10:00:00",0.8030209097044771
"2019-11-20 10:30:00",0.8284082346734571
"2019-11-20 11:00:00",0.8161423460861723
"2019-11-20 11:30:00",0.8036024981063788
"2019-11-20 12:00:00",0.7629874900161215
"2019-11-20 12:30:00",0.7062460180903456
"2019-11-20 13:00:00",0.6454758680448103
"2019-11-20 13:30:00",0.5637843234688193
"2019-11-20 14:00:00",0.4786680789986354
"2019-11-20 14:30:00",0.4241030224257804
"2019-11-20 15:00:00",0.38314809267397
"2019-11-20 15:30:00",0.3422934172715939
"2019-11-20 16:00:00",0.32623632982313433
"2019-11-20 16:30:00",0.3276881599306802
"2019-11-20 17:00:00",0.3196410837702662
"2019-11-20 17:30:00",0.30393153844566856
"2019-11-20 18:00:00",0.3038495053006658
"2019-11-20 18:30:00",0.32762983698647496
"2019-11-20 19:00:00",0.34896530178575114
"2019-11-20 19:30:00",0.34890965732087226
"2019-11-20 20:00:00",0.32869223128999076
"2019-11-20 20:30:00",0.3420477516747864
"2019-11-20 21:00:00",0.33805579890184706
"2019-11-20 21:30:00",0.31304783714562756
"2019-11-20 22:00:00",0.2909412721008438
"2019-11-20 22:30:00",0.26385692299077207
"2019-11-20 23:00:00",0.23248140478695656
"2019-11-20 23:30:00",0.20717264225737334
"2019-11-21 00:00:00",0.1782994273453641
"2019-11-21 00:30:00",0.15098918057041472
"2019-11-21 01:00:00",0.11938186072968521
"2019-11-21 01:30:00",0.09795666687297559
"2019-11-21 02:00:00",0.08064195793066252
"2019-11-21 02:30:00",0.08503787065609186
"2019-11-21 03:00:00",0.09168704468356631
"2019-11-21 03:30:00",0.109650737849141
"2019-11-21 04:00:00",0.15889099638369925
"2019-11-21 04:30:00",0.22431638122352984
"2019-11-21 05:00:00",0.3158422644467826
"2019-11-21 05:30:00",0.42221552445202876
"2019-11-21 06:00:00",0.5322073157145509
"2019-11-21 06:30:00",0.592603761306466
"2019-11-21 07:00:00",0.6482472076086732
"2019-11-21 07:30:00",0.7013375915495864
"2019-11-21 08:00:00",0.704946785854281
"2019-11-21 08:30:00",0.6894861882067923
"2019-11-21 09:00:00",0.6833294582622305
"2019-11-21 09:30:00",0.6821064872368456
"2019-11-21 10:00:00",1.0066305708568009
"2019-11-21 10:30:00",1.955613117711032
"2019-11-21 11:00:00",2.728721430487154
"2019-11-21 11:30:00",2.694509723339729
"2019-11-21 12:00:00",2.6525682832444732
"2019-11-21 12:30:00",2.3360780154260135
"2019-11-21 13:00:00",2.12404253736402
"2019-11-21 13:30:00",1.8175190231567033
"2019-11-21 14:00:00",1.679361852300492
"2019-11-21 14:30:00",1.870272088465268
"2019-11-21 15:00:00",1.7997461244868067
"2019-11-21 15:30:00",1.8203549480248868
"2019-11-21 16:00:00",1.80130237756302
"2019-11-21 16:30:00",1.867210831808121
"2019-11-21 17:00:00",1.9287222793010255
"2019-11-21 17:30:00",2.035581607853886
"2019-11-21 18:00:00",2.0539874953212083
"2019-11-21 18:30:00",2.241988374786691
"2019-11-21 19:00:00",2.3437739278567156
"2019-11-21 19:30:00",2.42804150935611
"2019-11-21 20:00:00",2.3214754742894868
"2019-11-21 20:30:00",2.344944196971974
"2019-11-21 21:00:00",2.310496293218036
"2019-11-21 21:30:00",2.2152411179586027
"2019-11-21 22:00:00",2.072803265575587
"2019-11-21 22:30:00",1.8429963412585435
"2019-11-21 23:00:00",1.6005238124710799
"2019-11-21 23:30:00",1.3736982997197147
"2019-11-22 00:00:00",1.2483536913087945
"2019-11-22 00:30:00",0.9645752199400525
"2019-11-22 01:00:00",0.7763272790505074
"2019-11-22 01:30:00",0.6390764716457853
"2019-11-22 02:00:00",0.5560698125830762
"2019-11-22 02:30:00",0.5433807997123464
"2019-11-22 03:00:00",0.593021641806441
"2019-11-22 03:30:00",0.6792782960061539
"2019-11-22 04:00:00",0.8325187007253232
"2019-11-22 04:30:00",1.0924344488751743
"2019-11-22 05:00:00",1.3527012664420845
"2019-11-22 05:30:00",1.7316509182220885
"2019-11-22 06:00:00",2.0684301010619013
"2019-11-22 06:30:00",2.3253587977494643
"2019-11-22 07:00:00",2.6504678650268056
"2019-11-22 07:30:00",2.9115451300777786
"2019-11-22 08:00:00",3.0955579613141286
"2019-11-22 08:30:00",3.1824106903391423
"2019-11-22 09:00:00",3.1142037801689963
"2019-11-22 09:30:00",3.1113083817422496
"2019-11-22 10:00:00",3.026471793148775
"2019-11-22 10:30:00",3.0292237420313177
"2019-11-22 11:00:00",2.752719096249009
"2019-11-22 11:30:00",2.678810778757254
"2019-11-22 12:00:00",2.5315932554664498
"2019-11-22 12:30:00",2.45631466944889
"2019-11-22 13:00:00",2.3020590456149037
"2019-11-22 13:30:00",2.1667589067984685
"2019-11-22 14:00:00",2.1334816682729287
"2019-11-22 14:30:00",2.0744065806653165
"2019-11-22 15:00:00",2.176214731046841
"2019-11-22 15:30:00",2.3136483163717925
"2019-11-22 16:00:00",2.2736841033077217
"2019-11-22 16:30:00",2.2632560853765282
"2019-11-22 17:00:00",2.320688548380917
"2019-11-22 17:30:00",2.303521495327103
"2019-11-22 18:00:00",2.3036374055768247
"2019-11-22 18:30:00",2.515571308912251
"2019-11-22 19:00:00",3.076435674939655
"2019-11-22 19:30:00",4.086862141427717
"2019-11-22 20:00:00",5.549836854437263
"2019-11-22 20:30:00",6.252781476995081
"2019-11-22 21:00:00",5.480956797142326
"2019-11-22 21:30:00",4.78707895914199
"2019-11-22 22:00:00",3.9739966247859546
"2019-11-22 22:30:00",3.1997282475235562
"2019-11-22 23:00:00",2.6086979796461507
"2019-11-22 23:30:00",2.0238960627414917
"2019-11-23 00:00:00",1.5661265546114467
"2019-11-23 00:30:00",1.2679598015897577
"2019-11-23 01:00:00",1.0317979021329395
"2019-11-23 01:30:00",0.8493983454024057
"2019-11-23 02:00:00",0.7942982531528425
"2019-11-23 02:30:00",0.8815629398432642
"2019-11-23 03:00:00",1.1744941145957672
"2019-11-23 03:30:00",1.75071376876306
"2019-11-23 04:00:00",3.454131722944795
"2019-11-23 04:30:00",7.219865375762239
"2019-11-23 05:00:00",12.03162224010233
"2019-11-23 05:30:00",15.333859909165126
"2019-11-23 06:00:00",17.053291548112714
"2019-11-23 06:30:00",18.60440850818015
"2019-11-23 07:00:00",19.818805740103805
"2019-11-23 07:30:00",19.221786996053606
"2019-11-23 08:00:00",18.785665636890396
"2019-11-23 08:30:00",17.99572645794098
"2019-11-23 09:00:00",16.959399379304855
"2019-11-23 09:30:00",16.93064777112677
"2019-11-23 10:00:00",16.99894192050033
"2019-11-23 10:30:00",17.785493728503347
"2019-11-23 11:00:00",17.3934183396847
"2019-11-23 11:30:00",20.59773197405223
"2019-11-23 12:00:00",23.546234309174558
"2019-11-23 12:30:00",29.949951416016056
"2019-11-23 13:00:00",30.947289040575072
"2019-11-23 13:30:00",29.358288838392323
"2019-11-23 14:00:00",27.442620071500777
"2019-11-23 14:30:00",27.503978317521227
"2019-11-23 15:00:00",28.230511911393265
"2019-11-23 15:30:00",28.989070535843233
"2019-11-23 16:00:00",29.137471494295557
"2019-11-23 16:30:00",30.647929873827355
"2019-11-23 17:00:00",31.237470416773505
"2019-11-23 17:30:00",31.596357560485355
"2019-11-23 18:00:00",31.340719192919476
"2019-11-23 18:30:00",34.7494417315803
"2019-11-23 19:00:00",36.40779413905811
"2019-11-23 19:30:00",36.03822020235958
"2019-11-23 20:00:00",34.56968966303858
"2019-11-23 20:30:00",32.55420078102665
"2019-11-23 21:00:00",28.442471731845554
"2019-11-23 21:30:00",23.390934776316914
"2019-11-23 22:00:00",17.82662877655859
"2019-11-23 22:30:00",14.406874600129091
"2019-11-23 23:00:00",11.183196427908292
"2019-11-23 23:30:00",8.434379894900339
"2019-11-24 00:00:00",6.5351327338585365
"2019-11-24 00:30:00",5.001970544979767
"2019-11-24 01:00:00",4.066381356746449
"2019-11-24 01:30:00",3.556723460566996
"2019-11-24 02:00:00",3.345743888098038
"2019-11-24 02:30:00",3.9602409169547625
"2019-11-24 03:00:00",5.202173897205103
"2019-11-24 03:30:00",7.1786438807298625
"2019-11-24 04:00:00",10.15923903836462
"2019-11-24 04:30:00",16.273337702366952
"2019-11-24 05:00:00",23.814496821368888
"2019-11-24 05:30:00",30.504674858899428
"2019-11-24 06:00:00",34.785616518861055
"2019-11-24 06:30:00",38.331701512244436
"2019-11-24 07:00:00",40.58981363466226
"2019-11-24 07:30:00",41.907001830254906
"2019-11-24 08:00:00",43.99301103634868
"2019-11-24 08:30:00",44.27842862388998
"2019-11-24 09:00:00",42.65743973922552
"2019-11-24 09:30:00",43.878366141757816
"2019-11-24 10:00:00",47.466500827298795
"2019-11-24 10:30:00",51.36468441512893
"2019-11-24 11:00:00",51.194982566895675
"2019-11-24 11:30:00",50.885055459965756
"2019-11-24 12:00:00",49.37645188964241
"2019-11-24 12:30:00",46.6014867965234
"2019-11-24 13:00:00",41.662728118433115
"2019-11-24 13:30:00",38.56221932760974
"2019-11-24 14:00:00",36.63990936554111
"2019-11-24 14:30:00",36.65408966893312
"2019-11-24 15:00:00",38.23622568310359
"2019-11-24 15:30:00",39.92513933220748
"2019-11-24 16:00:00",40.39249585348529
"2019-11-24 16:30:00",41.59024492170576
"2019-11-24 17:00:00",42.36425707035429
"2019-11-24 17:30:00",43.01578458518643
"2019-11-24 18:00:00",40.89142353513294
"2019-11-24 18:30:00",44.1553250727239
"2019-11-24 19:00:00",47.72329648655897
"2019-11-24 19:30:00",47.00827888251296
"2019-11-24 20:00:00",43.43440504336908
"2019-11-24 20:30:00",42.48881264025323
"2019-11-24 21:00:00",37.32736607750732
"2019-11-24 21:30:00",31.18496675184278
"2019-11-24 22:00:00",24.829551492645084
"2019-11-24 22:30:00",19.47464117867237
"2019-11-24 23:00:00",15.029524769155048
"2019-11-24 23:30:00",11.667588360639794
"2019-11-25 00:00:00",8.81003563957241
"2019-11-25 00:30:00",6.853081509120328
"2019-11-25 01:00:00",5.40083446420098
"2019-11-25 01:30:00",4.6057025626516
"2019-11-25 02:00:00",4.389817770272063
"2019-11-25 02:30:00",5.104906108807327
"2019-11-25 03:00:00",6.866190571682036
"2019-11-25 03:30:00",9.462959377772275
"2019-11-25 04:00:00",12.67968770722995
"2019-11-25 04:30:00",19.726652451392145
"2019-11-25 05:00:00",28.275829140841207
"2019-11-25 05:30:00",35.108611813249155
"2019-11-25 06:00:00",39.268497298826695
"2019-11-25 06:30:00",41.93623088680419
"2019-11-25 07:00:00",44.16119407362871
"2019-11-25 07:30:00",45.60131486927382
"2019-11-25 08:00:00",45.57828883131887
"2019-11-25 08:30:00",44.387750738733324
"2019-11-25 09:00:00",42.08288706118828
"2019-11-25 09:30:00",43.214407031008236
"2019-11-25 10:00:00",45.80828986993696
"2019-11-25 10:30:00",48.69842251950356
"2019-11-25 11:00:00",48.34723560774189
"2019-11-25 11:30:00",47.977934762759475
"2019-11-25 12:00:00",46.862929315614345
"2019-11-25 12:30:00",43.64479103086676
"2019-11-25 13:00:00",38.650026368638684
"2019-11-25 13:30:00",35.633601230780116
"2019-11-25 14:00:00",32.344260816924404
"2019-11-25 14:30:00",34.07789241402075
"2019-11-25 15:00:00",34.94266673975897
"2019-11-25 15:30:00",36.41735508418878
"2019-11-25 16:00:00",37.21591408117372
"2019-11-25 16:30:00",38.353348246521485
"2019-11-25 17:00:00",39.1121937323348
"2019-11-25 17:30:00",39.57875055777092
"2019-11-25 18:00:00",38.38072051329661
"2019-11-25 18:30:00",40.53196853494136
"2019-11-25 19:00:00",42.16324144097944
"2019-11-25 19:30:00",42.4834997067466
"2019-11-25 20:00:00",40.97382331114039
"2019-11-25 20:30:00",39.9643046227936
"2019-11-25 21:00:00",35.15729679661182
"2019-11-25 21:30:00",29.65007451053207
"2019-11-25 22:00:00",23.960742358464707
"2019-11-25 22:30:00",18.773996426729383
"2019-11-25 23:00:00",14.704404101421467
"2019-11-25 23:30:00",11.32569694161752
"2019-11-26 00:00:00",8.66182921039679
"2019-11-26 00:30:00",6.6086893217446665
"2019-11-26 01:00:00",5.228837064872368
"2019-11-26 01:30:00",4.451218438123532
"2019-11-26 02:00:00",4.256067678759317
"2019-11-26 02:30:00",4.907728419644147
"2019-11-26 03:00:00",6.642493145533264
"2019-11-26 03:30:00",9.242178174283886
"2019-11-26 04:00:00",12.431729916857503
"2019-11-26 04:30:00",19.20627256474416
"2019-11-26 05:00:00",28.178529908605142
"2019-11-26 05:30:00",35.53122288496509
"2019-11-26 06:00:00",40.2773381432786
"2019-11-26 06:30:00",42.90247579907868
"2019-11-26 07:00:00",45.28913999003822
"2019-11-26 07:30:00",46.79328728753865
"2019-11-26 08:00:00",47.95562785877859
"2019-11-26 08:30:00",45.994022926226876
"2019-11-26 09:00:00",43.75697789252484
"2019-11-26 09:30:00",44.82866238840897
"2019-11-26 10:00:00",47.52459742113842
"2019-11-26 10:30:00",50.44690049366779
"2019-11-26 11:00:00",49.958040687657125
"2019-11-26 11:30:00",48.3299999705273
"2019-11-26 12:00:00",46.89580710233218
"2019-11-26 12:30:00",44.06680085942404
"2019-11-26 13:00:00",38.92850412942054
"2019-11-26 13:30:00",34.85614863202445
"2019-11-26 14:00:00",33.12447206076093
"2019-11-26 14:30:00",32.608904081085306
"2019-11-26 15:00:00",34.80980771418551
"2019-11-26 15:30:00",36.64382137890993
"2019-11-26 16:00:00",37.056095387816576
"2019-11-26 16:30:00",38.37093557561664
"2019-11-26 17:00:00",39.09843587417513
"2019-11-26 17:30:00",39.70136879489061
"2019-11-26 18:00:00",39.33053144590138
"2019-11-26 18:30:00",41.92567375485194
"2019-11-26 19:00:00",43.34845675381745
"2019-11-26 19:30:00",44.46550367377253
"2019-11-26 20:00:00",41.28591566680519
"2019-11-26 20:30:00",38.43909023657739
"2019-11-26 21:00:00",34.199781689788
"2019-11-26 21:30:00",29.406938454510357
"2019-11-26 22:00:00",22.66396498642782
"2019-11-26 22:30:00",19.626256632979366
"2019-11-26 23:00:00",15.731652983669175
"2019-11-26 23:30:00",12.352004281794416
"2019-11-27 00:00:00",9.236422556049714
"2019-11-27 00:30:00",7.142233500443564
"2019-11-27 01:00:00",5.6111626757678374
"2019-11-27 01:30:00",4.762179041960288
"2019-11-27 02:00:00",4.6119405523774155
"2019-11-27 02:30:00",5.221340397350993
"2019-11-27 03:00:00",7.167846062888855
"2019-11-27 03:30:00",9.845457505371401
"2019-11-27 04:00:00",13.032046246209072
"2019-11-27 04:30:00",19.77987426944535
"2019-11-27 05:00:00",28.152411207879823
"2019-11-27 05:30:00",35.29631953126612
"2019-11-27 06:00:00",40.124329615646474
"2019-11-27 06:30:00",43.21699278213483
"2019-11-27 07:00:00",45.93626035007677
"2019-11-27 07:30:00",47.76022187051463
"2019-11-27 08:00:00",48.01163778518525
"2019-11-27 08:30:00",47.39485267479524
"2019-11-27 09:00:00",45.50352051447552
"2019-11-27 09:30:00",46.566862264034164
"2019-11-27 10:00:00",48.648096892103375
"2019-11-27 10:30:00",51.902321555451415
"2019-11-27 11:00:00",51.38380042028076
"2019-11-27 11:30:00",49.52029047353793
"2019-11-27 12:00:00",47.63406887063546
"2019-11-27 12:30:00",46.49319425518056
"2019-11-27 13:00:00",44.09060693846394
"2019-11-27 13:30:00",41.15003078954426
"2019-11-27 14:00:00",38.79738006053694
"2019-11-27 14:30:00",42.017911528837566
"2019-11-27 15:00:00",47.97847706051041
"2019-11-27 15:30:00",50.982146412140395
"2019-11-27 16:00:00",51.81003270173329
"2019-11-27 16:30:00",54.78211910391191
"2019-11-27 17:00:00",56.22067195171192
"2019-11-27 17:30:00",57.499744066113166
"2019-11-27 18:00:00",58.081391809535596
"2019-11-27 18:30:00",